"Key","Source","Context","Example","en","fr","de","id","ja","ko","pt","es"
"badge.first_dish","First Dish","Badge name","","First Dish","Premier plat","Erstes Gericht","Hidangan Pertama","初めての一皿","첫 요리","Primeiro Prato","Primer Plato"
"badge.first_dish.desc","Your first plate over the pass.","Badge description","","Your first plate over the pass.","Votre première assiette au passe.","Dein erster Teller über die Ausgabe.","Piring pertamamu lewat jendela saji.","初めて出した一皿。","서빙 창구를 넘긴 첫 접시.","Seu primeiro prato na janela.","Tu primer plato en la ventanilla."
"badge.clean_service","Clean Service","Badge name: no missed tickets","","Clean Service","Service impeccable","Saubere Schicht","Layanan Bersih","ノーミス営業","완벽한 서비스","Serviço Impecável","Servicio Impecable"
"badge.clean_service.desc","A whole shift without missing a ticket.","Badge description","","A whole shift without missing a ticket.","Un service entier sans rater une commande.","Eine ganze Schicht ohne verpasste Bestellung.","Satu shift penuh tanpa pesanan terlewat.","一度も注文を逃さずシフト完走。","한 번도 주문을 놓치지 않은 근무.","Um turno inteiro sem perder pedidos.","Un turno entero sin perder ningún pedido."
"badge.three_stars","Three Stars","Badge name","","Three Stars","Trois étoiles","Drei Sterne","Tiga Bintang","三つ星","별 셋","Três Estrelas","Tres Estrellas"
"badge.three_stars.desc","Finish a shift with all three stars.","Badge description","","Finish a shift with all three stars.","Terminez un service avec trois étoiles.","Beende eine Schicht mit drei Sternen.","Selesaikan shift dengan tiga bintang.","三つ星でシフトを終える。","별 셋으로 근무를 마치세요.","Termine um turno com três estrelas.","Termina un turno con tres estrellas."
"badge.full_house","Full House","Badge name: 3 stars with 4 humans","","Full House","Salle comble","Volles Haus","Rumah Penuh","満席","풀 하우스","Casa Cheia","Lleno Total"
"badge.full_house.desc","Three stars with a full crew of four.","Badge description","","Three stars with a full crew of four.","Trois étoiles avec une brigade complète de quatre.","Drei Sterne mit vollem Team aus vier.","Tiga bintang dengan tim lengkap berempat.","4人フルメンバーで三つ星。","4인 풀 크루로 별 셋.","Três estrelas com equipe completa de quatro.","Tres estrellas con un equipo completo de cuatro."
"badge.head_chef","Head Chef","Badge name: reach level 10","","Head Chef","Chef de cuisine","Küchenchef","Kepala Koki","料理長","총주방장","Chefe de Cozinha","Jefe de Cocina"
"badge.head_chef.desc","Reach level 10.","Badge description","","Reach level 10.","Atteignez le niveau 10.","Erreiche Level 10.","Capai level 10.","レベル10に到達。","레벨 10 달성.","Alcance o nível 10.","Alcanza el nivel 10."
"badge.century","Century","Badge name: 100 dishes","","Century","Centenaire","Hundert","Seratus","100皿","센추리","Centenário","Centenario"
"badge.century.desc","Serve 100 dishes.","Badge description","","Serve 100 dishes.","Servez 100 plats.","Serviere 100 Gerichte.","Sajikan 100 hidangan.","100皿を提供。","100개의 요리를 서빙하세요.","Sirva 100 pratos.","Sirve 100 platos."
"badge.thousand","Thousand Plates","Badge name: 1000 dishes","","Thousand Plates","Mille assiettes","Tausend Teller","Seribu Piring","千皿","천 개의 접시","Mil Pratos","Mil Platos"
"badge.thousand.desc","Serve 1,000 dishes.","Badge description","","Serve 1,000 dishes.","Servez 1 000 plats.","Serviere 1.000 Gerichte.","Sajikan 1.000 hidangan.","1,000皿を提供。","1,000개의 요리를 서빙하세요.","Sirva 1.000 pratos.","Sirve 1.000 platos."
"badge.founding","Founding Chef","Badge name: played during launch","","Founding Chef","Chef fondateur","Gründungskoch","Koki Perintis","創業シェフ","창립 셰프","Chef Fundador","Chef Fundador"
"badge.founding.desc","Worked the line during the launch window.","Badge description","","Worked the line during the launch window.","A tenu le poste pendant le lancement.","War beim Start am Herd.","Bertugas saat masa peluncuran.","ローンチ期間に厨房に立った。","출시 기간에 주방을 지켰습니다.","Trabalhou na linha durante o lançamento.","Estuvo en la cocina durante el lanzamiento."
"item.hat_paper","Paper Hat","Cosmetic hat","","Paper Hat","Toque en papier","Papierhut","Topi Kertas","紙の帽子","종이 모자","Chapéu de Papel","Gorro de Papel"
"item.hat_toque","Classic Toque","Cosmetic hat: the classic chef's hat","","Classic Toque","Toque classique","Klassische Kochmütze","Toque Klasik","クラシックコック帽","클래식 셰프 모자","Toque Clássico","Gorro Clásico"
"item.hat_bandana_red","Red Bandana","Cosmetic hat","","Red Bandana","Bandana rouge","Rotes Bandana","Bandana Merah","赤いバンダナ","빨간 반다나","Bandana Vermelha","Pañuelo Rojo"
"item.hat_bandana_green","Green Bandana","Cosmetic hat","","Green Bandana","Bandana vert","Grünes Bandana","Bandana Hijau","緑のバンダナ","초록 반다나","Bandana Verde","Pañuelo Verde"
"item.hat_beret","Beret","Cosmetic hat","","Beret","Béret","Baskenmütze","Baret","ベレー帽","베레모","Boina","Boina"
"item.hat_mushroom","Mushroom Cap","Cosmetic hat shaped like a mushroom","","Mushroom Cap","Chapeau champignon","Pilzhut","Topi Jamur","きのこ帽","버섯 모자","Chapéu Cogumelo","Sombrero Champiñón"
"item.hat_paperboat","Paper Boat","Cosmetic hat: folded paper boat","","Paper Boat","Bateau en papier","Papierschiffchen","Perahu Kertas","紙の船","종이배","Barquinho de Papel","Barquito de Papel"
"item.hat_panlid","Pan Lid Cap","Cosmetic hat: a saucepan lid","","Pan Lid Cap","Couvercle de casserole","Topfdeckel-Mütze","Tutup Panci","鍋ぶた帽","냄비 뚜껑 모자","Tampa de Panela","Tapa de Cazuela"
"item.hat_colander","Colander Helm","Cosmetic hat: a colander worn as a helmet","","Colander Helm","Casque passoire","Sieb-Helm","Helm Saringan","ざるヘルム","체 투구","Elmo de Escorredor","Casco Colador"
"item.hat_butter_crown","Butter Crown","Cosmetic hat","","Butter Crown","Couronne de beurre","Butterkrone","Mahkota Mentega","バタークラウン","버터 왕관","Coroa de Manteiga","Corona de Mantequilla"
"item.hat_top","Top Hat","Cosmetic hat","","Top Hat","Haut-de-forme","Zylinder","Topi Tinggi","シルクハット","실크햇","Cartola","Chistera"
"item.hat_halo","Sous-Chef Halo","Cosmetic hat: a glowing halo","","Sous-Chef Halo","Auréole de sous-chef","Sous-Chef-Heiligenschein","Lingkaran Sous-Chef","スーシェフの光輪","수셰프 후광","Auréola de Sous-Chef","Aureola de Sous-Chef"
"emote.sizzle","Sizzle!","Emote, matches the game's name","","Sizzle!","Ça grésille !","Zisch!","Sizzle!","ジュージュー！","치이익!","Chiando!","¡Chsss!"
"emote.boom","Boom!","Emote","","Boom!","Boum !","Bumm!","Boom!","ドーン！","쾅!","Bum!","¡Bum!"
"emote.cheer","Cheer","Emote: celebrate","","Cheer","Bravo","Jubel","Sorak","歓声","환호","Comemorar","Ánimo"
"emote.facepalm","Facepalm","Emote: exasperation","","Facepalm","Facepalm","Facepalm","Tepuk Jidat","がっくり","이마 짚기","Facepalm","Facepalm"
"emote.chefs_kiss","Chef's Kiss","Emote: perfection","","Chef's Kiss","Baiser du chef","Chef's Kiss","Ciuman Koki","シェフのキス","셰프의 키스","Beijo de Chef","Beso de Chef"
"emote.on_fire","On Fire!","Emote: on a hot streak","","On Fire!","En feu !","In Flammen!","Lagi Panas!","絶好調！","불붙었어!","Pegando Fogo!","¡En Racha!"
"emote.zzz","Zzz","Emote: bored or idle","","Zzz","Zzz","Zzz","Zzz","Zzz","Zzz","Zzz","Zzz"
"item.plates_blue","Blue China","Cosmetic: plate set","","Blue China","Porcelaine bleue","Blaues Porzellan","Porselen Biru","青い磁器","블루 차이나","Porcelana Azul","Porcelana Azul"
"item.plates_gilded","Gilded Plates","Cosmetic: plate set","","Gilded Plates","Assiettes dorées","Vergoldete Teller","Piring Berlapis Emas","金彩の皿","금테 접시","Pratos Dourados","Platos Dorados"
"item.plates_supporter","Supporter Plates","Cosmetic: plate set from the pass","","Supporter Plates","Assiettes du soutien","Unterstützer-Teller","Piring Pendukung","サポータープレート","서포터 접시","Pratos do Apoiador","Platos de Mecenas"
"item.pan_copper","Copper Pans","Cosmetic: pan set","","Copper Pans","Poêles en cuivre","Kupferpfannen","Wajan Tembaga","銅のフライパン","구리 팬","Frigideiras de Cobre","Sartenes de Cobre"
"item.pan_obsidian","Obsidian Pans","Cosmetic: pan set","","Obsidian Pans","Poêles obsidienne","Obsidianpfannen","Wajan Obsidian","黒曜石のフライパン","흑요석 팬","Frigideiras de Obsidiana","Sartenes de Obsidiana"
"item.bell_deep","Deep Serve Bell","Cosmetic: the bell rung when serving","","Deep Serve Bell","Cloche grave","Tiefe Serviceglocke","Bel Saji Berat","低音のベル","낮은음 벨","Sino Grave","Campana Grave"
"item.bell_chime","Chime Serve Bell","Cosmetic: the bell rung when serving","","Chime Serve Bell","Carillon de service","Helle Serviceglocke","Bel Saji Nyaring","チャイムベル","차임 벨","Sino Agudo","Campana Aguda"
"pass.supporter","Supporter Pass","Game pass name","","Supporter Pass","Pass Soutien","Unterstützer-Pass","Paket Pendukung","サポーターパス","서포터 패스","Passe de Apoiador","Pase de Mecenas"
"pass.supporter.desc","+10% XP and coins forever, four Gilded coats, the Sizzle! emote, Supporter Plates, and a star on your nametag.","Game pass description","","+10% XP and coins forever, four Gilded coats, the Sizzle! emote, Supporter Plates, and a star on your nametag.","+10 % d'XP et de pièces à vie, quatre tenues dorées, l'emote Ça grésille !, les assiettes du soutien et une étoile sur votre pseudo.","Dauerhaft +10 % XP und Münzen, vier vergoldete Outfits, die Zisch!-Emote, Unterstützer-Teller und ein Stern am Namensschild.","+10% XP dan koin selamanya, empat jubah emas, emote Sizzle!, Piring Pendukung, dan bintang di namamu.","XP・コイン永久+10%、金の衣装4種、ジュージュー！エモート、サポータープレート、名札に星。","XP·코인 영구 +10%, 금빛 의상 4종, 치이익! 이모트, 서포터 접시, 이름표에 별.","+10% de XP e moedas para sempre, quatro trajes dourados, a emote Chiando!, Pratos do Apoiador e uma estrela no nome.","+10 % de XP y monedas para siempre, cuatro trajes dorados, la emote ¡Chsss!, Platos de Mecenas y una estrella en tu nombre."
"pass.trunk","Chef's Trunk","Game pass name","","Chef's Trunk","Malle du chef","Chefkoch-Truhe","Koper Koki","シェフのトランク","셰프의 트렁크","Baú do Chef","Baúl del Chef"
"pass.trunk.desc","Four Midnight coats, the Boom! emote and Obsidian Pans.","Game pass description","","Four Midnight coats, the Boom! emote and Obsidian Pans.","Quatre tenues Minuit, l'emote Boum ! et les poêles obsidienne.","Vier Mitternachts-Outfits, die Bumm!-Emote und Obsidianpfannen.","Empat jubah Tengah Malam, emote Boom!, dan Wajan Obsidian.","ミッドナイト衣装4種、ドーン！エモート、黒曜石のフライパン。","미드나이트 의상 4종, 쾅! 이모트, 흑요석 팬.","Quatro trajes Meia-Noite, a emote Bum! e Frigideiras de Obsidiana.","Cuatro trajes Medianoche, la emote ¡Bum! y Sartenes de Obsidiana."
"pal.bramble_panda","Panda Bramble","Coat colour for the bear chef Bramble","","Panda Bramble","Bramble panda","Panda-Bramble","Bramble Panda","パンダのブランブル","판다 브램블","Bramble Panda","Bramble Panda"
"pal.bramble_polar","Polar Bramble","Coat colour","","Polar Bramble","Bramble polaire","Polar-Bramble","Bramble Kutub","ポーラーブランブル","폴라 브램블","Bramble Polar","Bramble Polar"
"pal.bramble_gilded","Gilded Bramble","Coat colour (pass item)","","Gilded Bramble","Bramble doré","Vergoldeter Bramble","Bramble Emas","ゴールドのブランブル","골드 브램블","Bramble Dourado","Bramble Dorado"
"pal.bramble_midnight","Midnight Bramble","Coat colour (pass item)","","Midnight Bramble","Bramble minuit","Mitternachts-Bramble","Bramble Tengah Malam","ミッドナイトのブランブル","미드나이트 브램블","Bramble Meia-Noite","Bramble Medianoche"
