Name,Asset ID,Asset Type,Creator
bump_1,106119264790382,Audio,4262376699
bump_2,73150088543705,Audio,4262376699
bump_3,78896764394313,Audio,4262376699
burn_1,96222589240342,Audio,4262376699
burn_2,118496230616846,Audio,4262376699
burn_3,127414958737688,Audio,4262376699
chopDone_1,87078574467127,Audio,4262376699
chopDone_2,99748852850393,Audio,4262376699
chopDone_3,77153225992651,Audio,4262376699
chopTick_1,86199251799477,Audio,4262376699
chopTick_2,87051733570954,Audio,4262376699
chopTick_3,118937905609456,Audio,4262376699
cookDone_1,108628575941283,Audio,4262376699
cookDone_2,134874026924168,Audio,4262376699
cookDone_3,74875496334875,Audio,4262376699
fireStart_1,96570570851553,Audio,4262376699
fireStart_2,76145888669676,Audio,4262376699
fireStart_3,130549729938719,Audio,4262376699
footstep_1,101406510333811,Audio,4262376699
footstep_2,106934543954293,Audio,4262376699
footstep_3,86889340339827,Audio,4262376699
gameOver_1,119109576484336,Audio,4262376699
gameOver_2,122807603685583,Audio,4262376699
gameOver_3,117901360747545,Audio,4262376699
grabMiss_1,103994059414693,Audio,4262376699
grabMiss_2,120313926599024,Audio,4262376699
grabMiss_3,104404837997058,Audio,4262376699
music_base,129864158072696,Audio,4262376699
music_groove,118440772838108,Audio,4262376699
music_melody,102104965215015,Audio,4262376699
music_tension,83239315866871,Audio,4262376699
orderExpired_1,114291548596392,Audio,4262376699
orderExpired_2,92752925284168,Audio,4262376699
orderExpired_3,86202552948986,Audio,4262376699
orderNew_1,123206417309153,Audio,4262376699
orderNew_2,123837868019919,Audio,4262376699
orderNew_3,86285926640367,Audio,4262376699
pickup_1,116565307628688,Audio,4262376699
pickup_2,98244731534332,Audio,4262376699
pickup_3,120725568891115,Audio,4262376699
place_1,82765328173683,Audio,4262376699
place_2,87794863632237,Audio,4262376699
place_3,90683806890518,Audio,4262376699
serve_1,108006776436290,Audio,4262376699
serve_combo1,73582064874002,Audio,4262376699
serve_combo4,119217968287732,Audio,4262376699
serve_combo8,87647306496856,Audio,4262376699
serveWrong_1,113140804420381,Audio,4262376699
serveWrong_2,126004456443753,Audio,4262376699
serveWrong_3,130050130652167,Audio,4262376699
trash_1,140226776501946,Audio,4262376699
trash_2,120454781991214,Audio,4262376699
trash_3,117211499101727,Audio,4262376699
wallHit_1,71460847969100,Audio,4262376699
wallHit_2,131886397254237,Audio,4262376699
wallHit_3,74132530380504,Audio,4262376699
washDone_1,94498378532704,Audio,4262376699
washDone_2,112844666713796,Audio,4262376699
washDone_3,76440005123987,Audio,4262376699
